"key","text","note"
"# --- talent level-change messages (GameMessagePanel popups; {0} = talent name"
"PlayerTalent/Format/New","Skill [{0}] awakened","was: Skill {0} Awakens — message popup; bracketed name like the source, past tense like the others"
"PlayerTalent/Format/Remove","Skill [{0}] lost","was: Skill {0} Vanish — message popup; grammar"
"PlayerTalent/Format/LevelUp","Skill [{0}] rose to Lv{1}","was: Skill {0} level rises to {1} — message popup; matches the 'Lv{n}' tag in the skill list"
"PlayerTalent/Format/LevelDown","Skill [{0}] fell to Lv{1}","was: Skill level {0} decreases to {1} — message popup; {0} is the name, not the level"
"PlayerTalent/Format/LevelMax","Skill [{0}] is at max level","was: Skill [{0}] level has reached its maximum — message popup; shorter"
"# --- talent names (Skill tab list"
"PlayerTalent/Name/0001","Fortified Defense","was: Strengthen defense — talent name, Title Case noun"
"PlayerTalent/Name/0004","Tang Clan Poison Technique","was: Tang Clan Poison Techniques — talent name, shorter | glossary: same name as the effect (CombatSkill A013)"
"PlayerTalent/Name/0008","Essence into Qi","was: Refine the Essence into Qi — Daoist triad 煉精化氣, parallel with 0009/0010"
"PlayerTalent/Name/0009","Qi into Spirit","was: Nurturing Qi to Transform into Spirits — 煉氣化神, parallel with 0008/0010"
"PlayerTalent/Name/0010","Spirit into Void","was: Refining the Soul to Emptiness — 煉神還虛, parallel with 0008/0009"
"PlayerTalent/Name/0011","Qi Refining Powers","was: Qi Cultivation Supernatural Power — talent name, shorter; 練氣 = Qi Refining (Cultivation is the 修養 stat)"
"PlayerTalent/Name/0012","White Ape Agility","was: Agility of the White Monkey — 身法 is a footwork/body art; short wuxia name | glossary: same name as the effect (CombatSkill B0012)"
"PlayerTalent/Name/0017","Thousand Changes","was: A Thousand Mechanisms, Ever Changing — talent name, shorter | glossary: same name as the effect (CombatSkill B017)"
"PlayerTalent/Name/0019","Pauldron","was: Scapula — 肩甲 is shoulder armour, not the bone; series with 0020/0021"
"PlayerTalent/Name/0020","Deluxe Pauldron","was: Luxurious Shoulder Armor — series with 0019/0021"
"PlayerTalent/Name/0021","Ultimate Pauldron","was: Ultimate Shoulder Armor — series with 0019/0020"
"PlayerTalent/Name/0025","Master's Demeanor","was: Master's demeanor — talent name, Title Case"
"PlayerTalent/Name/0026","No Scruples","was: There are no limits to being a person. — 做人沒有下限; short idiom, no sentence | glossary: same name as the effect (CombatSkill B0026)"
"PlayerTalent/Name/0027","Transforming Energy","was: Condensed Power Phase — 化勁 (huajin), the Xingyi 'transforming force' stage | glossary: same name as the effect (CombatSkill B0027)"
"PlayerTalent/Name/0036","Borrowing Strength","was: Harnessing the momentum — talent name, Title Case noun | glossary: same name as the effect (CombatSkill B0036)"
"PlayerTalent/Name/0037","Relentless Pressure","was: Inspiritingly aggressive — 咄咄逼人; Title Case noun"
"PlayerTalent/Name/1002","Iron Cloth Shirt","was: Iron Clothes Fist — 鐵布衫 is the classic Iron Shirt body-hardening art | glossary: same name as the effect (CombatSkill B115)"
"PlayerTalent/Name/1011","Steadfast as a Mountain","was: Steadfast as a mountain — Title Case (Sun Tzu set with 4010-4014)"
"PlayerTalent/Name/1100","Adding Insult to Injury","was: Adding insult to injury — talent name, Title Case, shorter | glossary: same name as the effect (CombatSkill E001)"
"PlayerTalent/Name/1101","Pressing the Advantage","was: Those who are in the right do not spare others. — 得理不饒人; short, no sentence | glossary: same name as the effect (CombatSkill E002)"
"PlayerTalent/Name/1102","Mencius Said","was: Mencius said — talent name, Title Case"
"PlayerTalent/Name/1105","Dragon's Cry Skill","was: Dragon's Roar Technique — 龍吟功; matches its move Azure Dragon's Cry; 功 = Art like 1106/1107 | glossary: 龍吟功 = Dragon's Cry Skill (CombatSkill E006); move is Azure Dragon's Cry"
"PlayerTalent/Name/1107","Tiger's Roar Skill","was: Tiger Howl Skill — matches its move Tiger's Roar; 功 = Art | glossary: same name as the effect (CombatSkill E008)"
"PlayerTalent/Name/1203","Foolhardy","was: Bravery — 蠻勇 is reckless courage, not plain bravery | glossary: 蠻勇 = Foolhardy (CombatSkill F004)"
"PlayerTalent/Name/1206","Soul-Stealing Phantom Claw","was: Soul‑Stealer Phantom Claw — ASCII hyphen | ruled 20260912 (q15): was Soul-Stealer Phantom Claw"
"PlayerTalent/Name/2010","Jujube-Pit Dart","was: Nuclear Date Nail — 核棗釘; same name as the Verbal Attack it grants (14_combat)"
"PlayerTalent/Name/2020","Refined Poison","was: Purified Poison — 粹毒; same term used in its description"
"PlayerTalent/Name/2030","Lime Powder","was: Lime powder — Title Case, matches the Brace move name"
"PlayerTalent/Name/2100","Circulating Qi","was: Fortune invigorates the blood flow — 運氣活血 is circulating qi to quicken the blood; 運氣 is not luck"
"PlayerTalent/Name/2104","Flower Plucking Hand","was: Flower‑folded Hands — 折花手 (plucking, not folding); ASCII hyphen | glossary: 折花手 = Flower Plucking Hand (CombatSkill G005)"
"PlayerTalent/Name/2105","Ruyi Realm","was: As if in Accordance with Will Scenario — 如意境; the buff is already called Ruyi Realm"
"PlayerTalent/Name/2109","Myriad Swords Return","was: Ten Thousand Swords Return to the Sect — 歸宗 = return to the source; shorter | glossary: same name as the effect (CombatSkill G008)"
"PlayerTalent/Name/3000","Diancang Quick Sword","was: Diancang Quick Sword Technique — talent name, shorter | glossary: same name as the effect (CombatSkill B300)"
"PlayerTalent/Name/3001","Qi Lightness","was: Build up your energy to lighten your body — 提氣輕身; Title Case noun | glossary: 提氣輕身 = Qi Lightness (CombatSkill B301)"
"PlayerTalent/Name/3002","Thousand Li Without a Trace","was: A journey of a thousand miles leaves no trace. — 千里不留行; short, no sentence | glossary: same name as the effect (CombatSkill B302)"
"PlayerTalent/Name/3100","Bully the Weak","was: Bullying the weak and fearing the strong — 欺善怕惡; Title Case, shorter | glossary: same name as the effect (CombatSkill H3100)"
"PlayerTalent/Name/4010","Move Like Thunder","was: Move like a thunderclap — Sun Tzu set (動如雷震), Title Case"
"PlayerTalent/Name/4011","Swift as the Wind","was: As swift as the wind — Sun Tzu set (疾如風), Title Case"
"PlayerTalent/Name/4012","Silent as the Forest","was: Xu Rulin — 徐如林 is the Sun Tzu line, not a person's name"
"PlayerTalent/Name/4013","Fierce as Fire","was: Invasion like a blazing fire — Sun Tzu set (侵掠如火)"
"PlayerTalent/Name/4014","Unfathomable as Shadow","was: Mysterious as the Yin — Sun Tzu set (難知如陰)"
"PlayerTalent/Name/4100","Arrow from the Dark","was: A hidden arrow injures a person — 暗箭傷人; short idiom, no sentence"
"PlayerTalent/Name/5000","White Shark Tongue","was: Bai shahou speaks — 白鯊語 is the white-shark language, not a person"
"PlayerTalent/Name/7001","Fire Whisk","was: Fire Sweeping Dust — 拂塵 is the Daoist horsetail whisk | glossary: 拂塵 = Whisk (CombatSkill S7001 Fire Whisk)"
"PlayerTalent/Name/8126","Sword Saint's First Ultimate","was: The First Ultimate Technique of the Sword Saint — matches the move First Extreme Move; series 8126-8128 | ruled 20260912 (q13): was Sword Saint's First Extreme Move"
"PlayerTalent/Name/8127","Sword Saint's Second Ultimate","was: Sword Saint's Second Apex Technique — matches the move Second Extreme Move | ruled 20260912 (q13): was Sword Saint's Second Extreme Move"
"PlayerTalent/Name/8128","Sword Saint's Third Ultimate","was: Sword Saint's Third Apex Technique — matches the move Third Extreme Move | ruled 20260912 (q13): was Sword Saint's Third Extreme Move"
"PlayerTalent/Name/9000","Unwashed","was: No bath taken — 不洗澡; status-like talent name"
"PlayerTalent/Name/9103","Great Scorching Heat Divine Skill","was: Great Convergence Divine Skill — 大焦熱 is scorching heat; name and description now agree | glossary: 大焦熱神功 as in the story text"
"PlayerTalent/Name/9105","Lost Soul","was: Lost in thought — 失魂落魄 is losing one's soul/wits, matches the description"
"PlayerTalent/Name/9106","Blocked Meridians","was: Meridian blockage — Title Case noun"
"PlayerTalent/Name/9109","Tactical Guidance","was: Tactical guidance — Title Case"
"PlayerTalent/Name/9110","Weapon Damaged","was: Weapon damaged — Title Case"
"PlayerTalent/Name/9201","Monkey King Splits the Mountain","was: Yuan Wang Splitting Mountain — 猿王 is the Monkey King (as in 9202), not a name"
"PlayerTalent/Name/9502","Buddhism","was: Buddhist philosophy — matches the Buddhism stat label and 9500/9501"
"# --- talent descriptions (shown when a talent is selected; '[Duel]' prefix kept"
"PlayerTalent/Desc/0001","[Duel] Raises all damage reduction.","was: [Duel] Increases all damage mitigation. — talent description"
"PlayerTalent/Desc/0002","[Duel] Stab and Hidden Weapon also trigger the [Hidden Weapon] effect.","was: [Duel] Use stabbing, Hidden Weapon command, activate 'Hidden Weapon' effect additionally. — talent description; command names"
"PlayerTalent/Desc/0003","[Duel] Raises hidden weapon hit rate, damage and crit dice.","was: [Duel] Enhance hidden weapon hit rate, damage, and critical roll. — talent description; crit dice term"
"PlayerTalent/Desc/0004","[Duel] Raises poison and paralysis buildup.","was: [Duel] Boost poison damage and accumulate paralysis effects. — talent description; 累積值 = buildup"
"PlayerTalent/Desc/0005","[Duel] When Cultivation, Personality and Worldliness are all Moderate, raises final damage and damage reduction.","was: [ Duel ] When cultivation, temperament, and worldliness are all moderate... — talent description; stat names as labelled | glossary: 處世 = Worldliness"
"PlayerTalent/Desc/0006","[Duel] Stamina boosts Internal Force.","was: [Fight] According to strength, one enhances their inner power. — talent description; [Duel] prefix, stat names | ruled 20260912 (q04): was [Duel] Stamina boosts Inner Strength."
"PlayerTalent/Desc/0007","[Duel] Mastered Confucianism, Daoism and Buddhism boost Internal Force.","was: [Duel] Enhance internal power based on the refined studies of Confucianism, Taoism, and Buddhism. — talent description | ruled 20260912 (q04): was [Duel] Mastered Confucianism, Daoism and Buddhism boost Inne"
"PlayerTalent/Desc/0008","[Duel] Stamina boosts Internal Force.","was: [Fight] According to strength, one enhances their inner power. — talent description | ruled 20260912 (q04): was [Duel] Stamina boosts Inner Strength."
"PlayerTalent/Desc/0009","[Duel] Internal Force raises max Qi.","was: [Fight] According to inner strength, increase the limit of qi. — talent description | ruled 20260912 (q04): was [Duel] Inner Strength raises max Qi."
"PlayerTalent/Desc/0010","[Duel] Extra Qi recovery based on max Qi.","was: [Duel] Gain additional recovery of Qi based on your upper limit of Qi. — talent description"
"PlayerTalent/Desc/0011","[Duel] Daoism boosts Internal Force.","was: [Duel] According to Daoist principles, enhance internal power. — talent description | ruled 20260912 (q04): was [Duel] Daoism boosts Inner Strength."
"PlayerTalent/Desc/0012","[Duel] Qinggong and Fist and Palm grant a chance to dodge.","was: [Duel] Based on agility, there is a dodging chance for punches and palms. — talent description; both stats are the source | glossary: Fist and Palm"
"PlayerTalent/Desc/0013","[Duel] Blade and Sword boosts Fist and Palm.","was: [Duel] According to the enhancement of fists and palms through blades and sabers. — talent description | glossary: Blade and Sword / Fist and Palm"
"PlayerTalent/Desc/0014","[Duel] All attributes rise with Xingyi Fist mastery.","was: [Fight to the Death] All attributes are increased based on proficiency in Cheng Style Boxing. — talent description; 形意拳 = Xingyi Fist"
"PlayerTalent/Desc/0015","[Battle] Can use Golden Armor.","was: [Battle] They can perform the Golden Armor technique. — talent description, shorter"
"PlayerTalent/Desc/0017","[Duel] Hidden Weapon boosts weapon crit dice.","was: [Duel] According to the enhancement of weapons by hidden weapons, increase the critical hit dice. — talent description | glossary: Hidden Weapon (stat)"
"PlayerTalent/Desc/0019","[Duel] Defense +20%, Qinggong -10%.","was: [Duel] Defense +20%, Lightness Skill ‑10%. — talent description; Qinggong label, ASCII minus"
"PlayerTalent/Desc/0020","[Duel] Defense +40%, Qinggong -20%.","was: [Duel] Defense: +40%, Agility: ‑20%. — talent description; same form as 0019"
"PlayerTalent/Desc/0021","[Duel] Defense +60%, Qinggong -30%; attacking deals moderate damage to yourself.","was: [Duel] Defense +60%, Lightness Skill ‑30%, when taking offensive actions, self suffers moderate damage. — talent description"
"PlayerTalent/Desc/0025","[Duel] Cultivation raises the Qi gained each round.","was: [Fight] According to cultivation, the amount of qi force increases every round. — talent description"
"PlayerTalent/Desc/0026","[Duel] The lower your Morality, the more crit dice.","was: [Duel] The lower the morality, the more critical hit dice. — talent description; stat label, crit dice term"
"PlayerTalent/Desc/0027","[Duel] Fist and Palm and Qinggong boost Defense.","was: [Duel] Based on hand techniques and lightness skills, defensive capabilities are enhanced. — talent description | glossary: Fist and Palm"
"PlayerTalent/Desc/0035","[Duel] All six core stats boost all damage.","was: [Duels] Increase all damage by Six‑Dimensional Enhancement. — talent description; 六維 = the six hexagon stats"
"PlayerTalent/Desc/0036","[Duel] On a successful dodge, recover Qi based on level.","was: In a duel, successfully dodging recovers chi based on rank. — talent description; [Duel] prefix, Qi term"
"PlayerTalent/Desc/0037","[Duel] On dealing damage, adds Qi damage based on combo count.","was: [Fight] When causing damage, additional chi damage is applied based on the number of consecutive hits. — talent description"
"PlayerTalent/Desc/1001","[Duel] All damage +50%, damage taken +10%.","was: [Duel] All damage is increased by 50%, and received damage is increased by 10%.) — talent description; stray ')'"
"PlayerTalent/Desc/1002","[Duel] Stamina boosts Defense.","was: [Fight] Defense improves according to physical strength. — talent description"
"PlayerTalent/Desc/1010","[Duel] At 20+ Qi, Brace becomes [Golden Bell Shield].","was: [Duel] When the qi level exceeds 20, the command for the beat instruction changes to 'Golden Bell Robe.' — talent description; Brace = 備揍, move name"
"PlayerTalent/Desc/1011","[Duel] Tactics boosts Defense.","was: [Duel] Defense is improved according to the skill 'Tactics'. — talent description"
"PlayerTalent/Desc/1012","[Duel] Fist and Palm boosts Qinggong and Defense.","was: [Duel] According to the improvement in punching and palm techniques, enhance agility and defense. — talent description"
"PlayerTalent/Desc/1100","[Duel] Verbal Attacks on an enemy with a status effect enrage them more often.","was: [ Duel ] When attacking an enemy with abnormal conditions using mouth attacks, the chance to anger them is higher. — talent description | ruled 20260912 (q14): was [Duel] Verbal Attacks on an enemy with a status ailment enra"
"PlayerTalent/Desc/1101","[Duel] Consecutive Verbal Attacks grow stronger.","was: [Duel] The effect increases with consecutive verbal attacks. — talent description"
"PlayerTalent/Desc/1102","[Duel] Triggers while the enemy has [Anger].","was: [Battle Duel] When the opponent has the [Anger] condition, activate. — talent description; [Duel] prefix"
"PlayerTalent/Desc/1103","[Duel] When angered, Stab is replaced by a fire-breathing Verbal Attack.","was: [Duel] When angered, he no longer stabs people but attacks verbally, spraying out fiery breath instead. — talent description"
"PlayerTalent/Desc/1105","[Duel] At Realm 2+, Verbal Attack becomes [Azure Dragon's Cry].","was: [ Duel ] Above Level Two, mouth attacks become 'Blue Dragon Roar'. — talent description; Realm term, move name from 14_combat"
"PlayerTalent/Desc/1106","[Duel] At Realm 2+, Verbal Attack becomes [Lion's Roar].","was: [ Duel ] Beyond Level Two, mouth attack transforms into 'Lion Roar Technique'. — talent description"
"PlayerTalent/Desc/1107","[Duel] At Realm 2+, Verbal Attack becomes [Tiger's Roar].","was: [Duels] For Boundary 2 and above, mouth attack is called 'Tiger Roar.' — talent description; move name from 14_combat"
"PlayerTalent/Desc/1200","[Duel] When the enemy's Qi is below yours, gain [Dog Punch].","was: [Fight] When the enemy's vitality is lower than yours, gain the Fist of Beat Up Dog ability. — talent description; matches the talent name"
"PlayerTalent/Desc/1201","[Duel] Locks all commands: uses Dog Punch unconditionally and stacks [Frenzy].","was: [Duel] Lock all commands and unconditionally use Dog Punch, stacking with Frenzy. — talent description"
"PlayerTalent/Desc/1202","[Duel] Gain [Surging Wave Blade Technique] when Stab hits.","was: [Duel] Gain 'Wavesurge Blade Art' when hitting an opponent. — talent description; name matches the talent | glossary: effect name (CombatSkill F003)"
"PlayerTalent/Desc/1203","[Duel] Stab is not interrupted by hidden weapons, but damage taken +50%.","was: [Duels] A stinger command will not be interrupted by a hidden weapon, but the damage taken is reduced by +50%. — talent description; 'reduced by +50%' was wrong"
"PlayerTalent/Desc/1205","[Duel] On a successful dodge, Stab becomes [Counterattack].","was: In a duel, if avoidance is successful, the stab command changes to [counterattack]. — talent description; [Duel] prefix"
"PlayerTalent/Desc/1206","[Duel] At Realm 2+, Stab becomes [Soul-Stealing Phantom Claw].","was: [Fight] For Level 2 and above in the Realm, stabbing attacks change into [Soul‑Stealer Phantom Claws]. — talent description | ruled 20260912 (q15): was [Duel] At Realm 2+, Stab becomes [Soul-Stealer Phantom Claw]"
"PlayerTalent/Desc/1207","[Duel] Liu E's exclusive skill; replaces Stab.","was: [Liu E's Dueling Skill] Replaces Stabbing. — talent description; [Duel] prefix like the others"
"PlayerTalent/Desc/1209","[Duel] At Realm 2+, Stab becomes [Snow Mountain Flying Swan Claw].","was: [Fight] Above Boundary Level Two, stabbing techniques change to [Snow Mountain Flying Swallow Claws]. — talent description; move name as in the action list"
"PlayerTalent/Desc/2010","[Duel] At 20+ Qi, Verbal Attack becomes [Jujube-Pit Dart].","was: [ Duel ] When the qi level exceeds 20, the mouth attack command changes to 'Nuclear Walnut Nail.' — talent description; move name from 14_combat"
"PlayerTalent/Desc/2020","[Duel] Bracing applies poison: gain one Refined Poison, boosting your next hidden weapon.","was: [Duel] Prepare with poison, gaining a Concentrated Poison that enhances the next use of a Hidden Weapon. — talent description"
"PlayerTalent/Desc/2030","[Duel] At 20+ Qi, Brace becomes [Lime Powder].","was: [ Duel ] When the energy level exceeds 20, the attack command changes to limewater. — talent description; it replaces Brace, not attack"
"PlayerTalent/Desc/2100","[Duel] While Bracing, paralysis buildup wears off faster, based on level.","was: [Duel] During preparation, metabolism of the paralyzing toxin accelerates according to rank. — talent description"
"PlayerTalent/Desc/2101","[Duel] While Bracing, recover health based on level and shed extra poison and paralysis buildup.","was: [ Duel ] Prior to the fight, health recovers based on level. Additionally, toxin accumulation is metabolized. — talent description; 備揍 = Brace, not pre-fight"
"PlayerTalent/Desc/2102","[Duel] After a successful Brace, gain one [Immortal Crane's Elusive Steps].","was: [Duels] After successfully landing a beat, gain Xianhe Mizhen. — talent description; untranslated buff name"
"PlayerTalent/Desc/2103","[Duel] At Realm 2+, Brace becomes [One-Toe Divine Skill].","was: [ Duel ] Boundary II and above, the strike transforms into [One‑Finger Zen]. — talent description; move name matches the talent"
"PlayerTalent/Desc/2104","[Duel] While Bracing, chance to catch hidden weapons based on skill level.","was: [Duel] During the fight, there is a chance to catch hidden weapons based on skill level. — talent description; only while Bracing"
"PlayerTalent/Desc/2105","[Duel] Each round, 30% chance to enter [Ruyi Realm], boosting Fist and Palm.","was: [Duel] There is a 30% chance to perform [Ruyi Realm] each round, enhancing punches and palm strikes. — talent description | glossary: Fist and Palm"
"PlayerTalent/Desc/2108","[Duel] While Bracing, springs a mechanism that collects all hidden weapons; your next hidden weapon deals more damage.","was: [Duel] During the preparation phase, activating the mechanism will remove all hidden weapons. In the next duel... — talent description; 'next duel' was wrong"
"PlayerTalent/Desc/2109","[Duel] While Bracing, spend all combo hits to gain extra Qi.","was: [Fight] When initiating a battle, consume all combo points to gain additional qi. — talent description; 備揍 = Brace"
"PlayerTalent/Desc/2110","[Duel] When the combo exceeds 2, Brace becomes [Return to Origin].","was: [ Duel ] When the combo count exceeds 2, the attack becomes [Origin]. — talent description; move name matches the talent"
"PlayerTalent/Desc/2111","[Duel] At 20+ Qi, Brace becomes [Withering and Flourishing Divine Skill].","was: When the Qi 20 level is above, the preparation for the duel transforms into [...]. — talent description; [Duel] prefix"
"PlayerTalent/Desc/3000","[Duel] Qinggong boosts Blade and Sword.","was: [Duel] According to agile movements, enhance the use of knives and sabers. — talent description | glossary: Blade and Sword"
"PlayerTalent/Desc/3001","[Duel] Internal Force boosts Qinggong.","was: [Duel] According to skill in internal force, one improves lightness techniques. — talent description | ruled 20260912 (q04): was [Duel] Inner Strength boosts Qinggong."
"PlayerTalent/Desc/3002","[Duel] 50% of Blade and Sword boosts Qinggong, Internal Force and starting Qi.","was: [Duel] According to the Dueling skill, it increases agility, internal power, and initial qi by 50%. — talent description; 刀劍 was misread | glossary: Blade and Sword | ruled 20260912 (q04): was [Duel] 50% of Blade and Sword boosts Qinggong, Inner Strengt"
"PlayerTalent/Desc/3003","[Duel] Gain [Flowing Clouds and Water] when Stab hits.","was: [Duel] When you hit someone, gain Flowing Like Clouds and Water. — talent description; name matches the talent | glossary: effect name (CombatSkill B303)"
"PlayerTalent/Desc/3004","[Duel] Extra starting Qi.","was: [Duel] Additional initial energy points are added. — talent description; Qi term"
"PlayerTalent/Desc/3100","[Duel] The opponent's Qi affects your attributes.","was: [Duels] The opponent's strength affects one's attributes. — talent description; 氣力 = Qi"
"PlayerTalent/Desc/3102","[Duel] Based on level, start the duel with a combo and extra Qi.","was: [Duel] Based on rank, the duel begins with a default consecutive hit advantage and additional energy. — talent description"
"PlayerTalent/Desc/3103","[Duel] Attack is tripled in the first round.","was: [Duel] In the first round of the duel, the attack power is 3 times. — talent description"
"PlayerTalent/Desc/3104","[Duel] At Realm 1+, gain [Transcendence]; raising your Realm strengthens it further.","was: [Duels] Beyond Stage One, achieving 'Transcendence' is unlocked... — talent description; Realm term"
"PlayerTalent/Desc/3105","[Duel] At Realm 3+, activates [Sword Realm].","was: [Duel] Rank Three and above, activate 'Sword Realm'. — talent description; Realm term"
"PlayerTalent/Desc/3107","[Duel] While Mood is below Moderate, each point below adds 1% Attack.","was: [Duel] When the current mind state is below the median, each 1 points increase attack power by 1%. — talent description; Mood label, grammar | glossary: 心相 = Heart Connection"
"PlayerTalent/Desc/3112","[Duel] Attack crit dice +10.","was: [Duel] Attack critical dice +10. — talent description; crit dice term"
"PlayerTalent/Desc/3115","[Duel] Greatly recover Qi based on damage taken.","was: [ Duel ] Significantly recover Qi based on the damage received. — talent description; bracket spacing"
"PlayerTalent/Desc/4010","[Duel] Ultimates also inflict [Shock].","was: [Duel] When using their ultimate technique, they also apply an 'Shock' effect. — talent description; grammar"
"PlayerTalent/Desc/4011","[Duel] Tactics boosts Qinggong.","was: [Duel] The skill Tactics improves agile movement. — talent description"
"PlayerTalent/Desc/4012","[Duel] Tactics grants extra Qi each round.","was: [Duel] According to the skill 'Tactics,' gain additional energy points per round. — talent description"
"PlayerTalent/Desc/4013","[Duel] Tactics boosts damage.","was: [Battle Duel] Damage increases according to the skill level in Tactics. — talent description; [Duel] prefix"
"PlayerTalent/Desc/4014","[Duel] Tactics boosts Mouth Power.","was: [Duel] According to the skill 'Tactics', this boosts verbal prowess. — talent description; 嘴力 = Mouth Power stat"
"PlayerTalent/Desc/4018","[Duel] Uses Tattered Cotton Skill; fails while you have [Imbalance].","was: [Duel] The Defeat Fiber Technique becomes ineffective when there is a loss of balance. — talent description; skill and status names | glossary: effect name (CombatSkill B4018)"
"PlayerTalent/Desc/4100","[Duel] No martial honor: opens the duel with a surprise volley of hidden weapons, dealing damage with a chance to enrage the opponent.","was: [Duel] Without adhering to martial ethics, the duel begins with a sudden discharge of hidden weapons... — talent description, shorter"
"PlayerTalent/Desc/4103","[Duel] At the start of the duel, Qi -10, Mouth Power +100%.","was: [Duels] When the duel begins, the energy ‑10 increases the mouth power by 100%. — talent description; two separate effects"
"PlayerTalent/Desc/4104","[Duel] Survive a fatal blow with 10% health.","was: [ Duel ] When receiving a fatal attack, survive with 10% health remaining. — talent description, shorter"
"PlayerTalent/Desc/5000","Understands the white shark tongue.","was: Can understand white shark speech — talent description; punctuation"
"PlayerTalent/Desc/6000","[Duel] Both sides gain poison buildup each round.","was: [Duel] Each turn, both sides increase their toxicity level. — talent description; buildup term"
"PlayerTalent/Desc/6001","[Duel] Both sides gain paralysis buildup each round.","was: [Duel] Our stamina depletion value increases each round. — talent description; 麻痺累積值 = paralysis buildup, both sides"
"PlayerTalent/Desc/6008","[Duel] When hit, inflicts poison and paralysis buildup on the enemy.","was: [Duel] When taking damage, inflict poison and paralyze on the opponent. — talent description"
"PlayerTalent/Desc/6011","[Duel] Stab adds 50% poison and paralysis buildup.","was: [Duel] When stabbing someone, there's an additional 50% chance of applying poison, with the effect stacking. — talent description; it is 50% of the buildup, not a chance"
"PlayerTalent/Desc/7001","[Duel] All attacks have a 40% chance to inflict [Burning].","was: [Fight] All attacks have a 40% chance to cause [Burn]. — talent description; status name Burning"
"PlayerTalent/Desc/7007","[Duel] While Yang-aligned, gain some [Poison] buildup each round and recover extra [Qi].","was: [Duel] When the attribute is yang, accumulate a certain amount of [Poison] value each turn and recover [Qi]. — talent description"
"PlayerTalent/Desc/7008","[Duel] Attacks have an extra chance to inflict [Imbalance], based on combo count.","was: [Fight] Based on the current combo count, attacks have an additional chance to cause [imbalance]. — talent description; status name"
"PlayerTalent/Desc/7010","[Duel] Each round, chance to inflict [Timidity] on the faint-hearted.","was: [Fight] There is a chance to cause [Fear] to timid individuals every round. — talent description; status name Timidity"
"PlayerTalent/Desc/8001","[Duel] Junior Martial Sister's signature art.","was: [Duel] The junior martial sister's unique martial arts technique. — talent description; title as used elsewhere"
"PlayerTalent/Desc/8002","[Duel] Hidden weapon hits cause heavy paralysis buildup.","was: [Duel] When a hidden weapon hits, it causes significant paralysis accumulation. — talent description"
"PlayerTalent/Desc/8003","[Duel] At Realm 3+, Hidden Weapon becomes [Flying Swallow Meteor Feather].","was: [Fight] Beyond Level Three, hidden weapons transform into Flying Swallow Meteor Feathers. — talent description; Realm term"
"PlayerTalent/Desc/8004","[Duel] At Realm 3+, Hidden Weapon becomes [Vajra Divine Spear Technique].","was: [Duel] For levels above Boundary Three, hidden weapons transform into the [Diamond God Spear Technique]. — talent description; move name matches the talent"
"PlayerTalent/Desc/8101","[Duel] At Realm 2+, Ultimate becomes [Cloud Sky Thunderbolt Blade].","was: [Fight] Beyond Level Two, the ultimate technique becomes [Yunxiao Thunderstorm Blade]. — talent description; move name as in the action list"
"PlayerTalent/Desc/8103","[Duel] When the combo exceeds 2, Ultimate becomes [Breakthrough of Cloud Pass].","was: [Battle Duel] When the combo count exceeds 2, the ultimate move becomes [Piercing Through the Veil]. — talent description; move name matches the talent"
"PlayerTalent/Desc/8106","[Duel] At Realm 2+, Ultimate becomes [Yin and Yang Theft].","was: [Duel] Above Level Two, the ultimate technique becomes [Yinyang Duo]. — talent description; move name matches the talent"
"PlayerTalent/Desc/8108","[Duel] At Realm 2+, Ultimate becomes [Iron Arm Flying Fist].","was: [Duel] Beyond Level Two, the ultimate technique becomes [Iron Arm Flying Fist]. — talent description; Realm term"
"PlayerTalent/Desc/8111","[Duel] At Realm 3+, Ultimate becomes [Divine Thunder].","was: [Battle Duel] Beyond Level Three, the ultimate technique becomes 'Divine Thunder.' — talent description; Realm term"
"PlayerTalent/Desc/8112","[Duel] At Realm 2+, Ultimate becomes [Taibai Immortal Footprints].","was: [Duel] Beyond Boundary Level 2, the ultimate move becomes 'Taibai Immortal's Footsteps'. — talent description; move name matches the talent"
"PlayerTalent/Desc/8113","[Duel] At Realm 3+, Ultimate becomes [Shadowless Surprise Attack].","was: [Fight] For levels three and above in the Boundary realm, the ultimate technique becomes the Ultimate Shadow Assault. — talent description"
"PlayerTalent/Desc/8119","[Duel] At Realm 3+, Ultimate becomes [Heavenly Gang Subduing Demon Sword].","was: [Battle Duel] Realm three and above, ultimate moves become [Heavenly Wielder's Suppression of Demons Sword]. — talent description"
"PlayerTalent/Desc/8121","[Duel] At Realm 2+ with a combo above 3, Ultimate becomes [Wind-Thunder God Kick].","was: [Battle Duel] Beyond Level 2, when the consecutive hit count is greater than 3, the ultimate technique becomes [Wind and Lightning Divinity Stomp]. — talent description | ruled 20260912 (q20): was [Duel] At Realm 2+ with a combo above 3, Ultimate becomes [W"
"PlayerTalent/Desc/8125","[Duel] With a supporting companion, all attributes rise; when the combo exceeds 2, Ultimate becomes [Tongzhou Sword Technique]. Cannot use [Breakthrough of Cloud Pass].","was: [Battle Duel] When supporting a companion... [Tongzhou Jianfa]... [Dian Po Yun Guan]... — talent description; untranslated move names"
"PlayerTalent/Desc/8126","[Duel] When the combo exceeds 3, Ultimate becomes [First Ultimate].","was: [Battle Duel] When the consecutive hits exceed 3, the ultimate technique becomes [First Extreme Technique]. — talent description; move name from 14_combat | ruled 20260912 (q13): was [Duel] When the combo exceeds 3, Ultimate becomes [First Ext"
"PlayerTalent/Desc/8127","[Duel] When the combo exceeds 3, Ultimate becomes [Second Ultimate].","was: [Fight to the Death] When the combo count exceeds 3, the ultimate technique becomes [Second Extreme Technique]. — talent description | ruled 20260912 (q13): was [Duel] When the combo exceeds 3, Ultimate becomes [Second Ex"
"PlayerTalent/Desc/8128","[Duel] When the combo exceeds 3, Ultimate becomes [Third Ultimate].","was: [Fight to the Death] When the combo count exceeds 3, the ultimate technique becomes [Third Extremity]. — talent description | ruled 20260912 (q13): was [Duel] When the combo exceeds 3, Ultimate becomes [Third Ext"
"PlayerTalent/Desc/9000","Unwashed.","was: No bath taken — talent description; matches the name"
"PlayerTalent/Desc/9100","[Duel] Strengthens Tactics-type skills based on level.","was: [Battle Duel] Based on rank, the effectiveness of enhanced tactical skills is improved. — talent description"
"PlayerTalent/Desc/9102","[Duel] Kongtong's secret art, the Iron Pipa.","was: [Duel] Kongtong's Iron Zither Technique. — talent description; pipa as in the name"
"PlayerTalent/Desc/9103","Great Scorching Heat Divine Skill.","was: Great Flame Divine Skill — talent description; matches the name"
"PlayerTalent/Desc/9104","[Duel] Withstands a fatal blow and restores Qi.","was: [Duel] Can block fatal attacks and recover stamina. — talent description; 氣力 = Qi, not Stamina"
"PlayerTalent/Desc/9105","[Duel] 10% chance each round to forget who you are and why you are here, unable to act.","was: [ Duel ] There is a 10% chance for it to occur, causing them to forget who they are... — talent description, shorter"
"PlayerTalent/Desc/9106","Internal Force greatly weakened.","was: Inner strength significantly diminished — talent description; punctuation | ruled 20260912 (q04): was Inner Strength greatly weakened."
"PlayerTalent/Desc/9109","[Duel] Higher chance to read the opponent's intent, based on [Tactics] level.","was: [Duel] Based on their combat strategy skill level, there is a higher chance of discerning their opponent's intentions. — talent description"
"PlayerTalent/Desc/9112","[Duel] Withstands a fatal blow and restores full health.","was: [ Duel ] Can block fatal attacks and restore full health. — talent description; bracket spacing"
"PlayerTalent/Desc/9113","[Duel] Withstands a fatal blow and restores Qi.","was: [Duel] Can block fatal attacks and recover stamina. — talent description; 氣力 = Qi"
"PlayerTalent/Desc/9200","[Duel] When your Qi exceeds the opponent's, Hidden Weapon becomes [Acupoint Striking and Threading].","was: [Duel] When one's spirit exceeds that of their opponent, hidden weapons transform into [strike‑point thimbles]. — talent description; move name matches the talent"
"PlayerTalent/Desc/9201","[Duel] Deals damage based on combo count.","was: [Duel] Deal damage based on combo hits. — talent description"
"PlayerTalent/Desc/9202","[Duel] While Bracing, parry and dodge greatly rise; dodging an attack grants [Monkey King's Wind Return].","was: [ Duel ] Prepare to block, Dodge significantly increases. Successfully avoiding an attack grants [ Monkey King Backswing ]. — talent description; move name matches the talent"
"PlayerTalent/Desc/9500","Mastered Confucianism.","was: Confucianism well‑versed — talent description; parallel with 9501-9503"
"PlayerTalent/Desc/9501","Mastered Daoism.","was: Mastered in Daoism — talent description"
"PlayerTalent/Desc/9502","Mastered Buddhism.","was: Buddhist scholarship is profound — talent description"
"PlayerTalent/Desc/9503","Mastered Xingyi Fist.","was: Form Sandboxing Fist proficiently — talent description; 形意拳 = Xingyi Fist"
"# --- character titles (line above the name on the Relationships / character intro screens) ---"
"CharacterTitle/special3","Azure Pine Swordsman","was: Cang Song Swordman — 蒼松 is 'azure pine' (his intro praises pine-like resilience); typo 'Swordman'"
"CharacterTitle/special6","Eagle Man","was: Eagle Person — 鷹人; the intro calls him 'the Eagle'"
"CharacterTitle/special201","Qingcheng Sect Leader","was: Qingcheng Sect Master — glossary term Sect Leader, as in Tang Clan Sect Leader"
"CharacterTitle/special999","Young Swordsman in White","was: White Robe Sword Youth — 縞衣劍少; natural English"
"CharacterTitle/girl5","Flying Heaven Gate Disciple","was: Flying Heaven's Direct Female Disciple — title line is 460px; her intro names the Flying Heaven Gate"
"CharacterTitle/girl6","Soul-Stealing Orchid","was: Soul‑Stealer Secluded Orchid — 奪魄幽蘭 epithet; shorter, ASCII hyphen | ASCII hyphen only (epithet kept) | ruled 20260912 (q16): was Soul-Stealer Secluded Orchid"
"CharacterTitle/girl7","Bone-Cracking Demon","was: Bone‑Cracking Demon — ASCII hyphen"
"CharacterTitle/girl7_2","Bone-Cracking Demon","was: Bone‑Cracking Demon — ASCII hyphen"
"# --- flag names (rows in the Inheritance bonus list) ---"
"Flag/Name/H01003","Shangguan Family Affinity","was: Affinity of the Shangguan Family — list row; same form as the other Affinity rows"
"Flag/Name/H02002","Flying Stone Gang Affinity","was: Affinity with the Flying Stone Gang — list row; same form as the other Affinity rows"
"Flag/Name/M60018","Ye Yunshang Learns the Qin","was: Ye Yunshang learns the piano — 琴 is the qin (zither), not a piano; Title Case"
"Flag/Name/M70051","Set a Trap","was: Set a trap — list row, Title Case"
"Flag/Name/M70066","Ye Yunshang Sets a Trap","was: Ye Yunshang set a trap — list row, Title Case, tense like M60018"
"Flag/Name/M81009","Fourth Senior Brother's Dirty Tricks","was: Fourth Senior Brother's sinister tricks — list row, Title Case"
"CharacterTitle/girl2","Pearl of Diancang","was: Diancang Pearl | Matches NOMENCLATURE.md line 330 exactly: 點蒼明珠 = Pearl of Diancang, noted as reading like a sobriquet rather than a product name; 'Diancang Pearl' is the listed wrong form."
"CharacterTitle/girl8","Mystic Skill Gate Leader","was: Mystic Skill Sect Leader | Matches NOMENCLATURE.md line 333 exactly: 玄功掌門 = Mystic Skill Gate Leader, following 玄功門 = Mystic Skill Gate (a Kongtong branch, where 門 = Gate not Sect per the suffix-system table). Old 'Mystic Skill Sect Leader' is the listed wrong form."
"CharacterTitle/special2","Former Wulin Alliance Leader","was: Former Wulin Leader | Matches NOMENCLATURE.md line 317 exactly: 前武林盟主 = Former Wulin Alliance Leader (explicitly listed alongside 武林盟主 = Wulin Alliance Leader). Old text 'Former Wulin Leader' is the listed wrong form. Fits the 460-520px title box (28 chars, under the 29-char benchmark set by 'Flying Heaven Direct Disciple')."
"CharacterTitle/special817","Emperor of the Great Song","was: Great Song Emperor | Matches NOMENCLATURE.md line 338 exactly: 大宋皇帝 = Emperor of the Great Song, kept parallel with the sibling row 大金皇帝 = Emperor of the Great Jin in the same file. Old 'Great Song Emperor' is the listed wrong form."
"Flag/Name/H00002","Quanzhen Sect Affinity","was: Quanzhen Affinity | Verified: old text 'Quanzhen Affinity' matches the file exactly. zh 全真教 and the sibling row M82004's 全真派 (already correctly 'Quanzhen Sect' in this same file) refer to the same faction - NOMENCLATURE rule 4 ('a sect's name is the same everywhere') overrides the generic 教=Cult suffix heuristic here since this specific faction already has an explicit register entry (Quanzhen"
"Flag/Name/H00004","Kongtong Sect Affinity","was: Kongtong Affinity | Verified: old text 'Kongtong Affinity' matches the file. zh has 派 (崆峒派), and NOMENCLATURE explicitly lists 崆峒派 = Kongtong Sect (bare 崆峒 is reserved for the map pin only), confirmed by sibling rows M82005/M82006 in this same file. Matches the <Faction> Affinity pattern used by every sibling Affinity row."
"Flag/Name/M81012","Xiaomei","was: Xiao Mei | Verified: old text 'Xiao Mei' matches the file, and the zh is bare 小梅. NOMENCLATURE is explicit under 虞小梅 (Yu Xiaomei): 'Short form in dialogue: Xiaomei, one word - not Xiao Mei.' This flag is exactly that short form."
"PlayerTalent/Desc/9110","Weapon Damaged","was: Weapon damaged | Matches the corrected Name/9110 (identical zh for both rows)."
"PlayerTalent/Name/0003","Tang Clan Hidden Weapons","was: Tang Clan Hidden Weapon | Old confirmed. NOMENCLATURE martial-arts table: 唐門暗器 = Tang Clan Hidden Weapons (plural for the discipline)."
"PlayerTalent/Name/0006","Quanzhen Calisthenics","was: Quanzhen Gymnastics | Old confirmed. NOMENCLATURE explicit avoid-form ('Gymnastics' reads as a sport)."
"PlayerTalent/Name/0013","Heart Sword","was: Mind Sword | Old confirmed. GLOSSARY/NOMENCLATURE explicit: 'Mind Sword' is the avoid-form; 心 here is the heart-mind used by the Mood stat."
"PlayerTalent/Name/0014","Emei Nineteen Stances","was: Emei Nineteen Stakes | Old confirmed. NOMENCLATURE: 樁 is a standing stance, not a stake."
"PlayerTalent/Name/0015","Indestructible Golden Body","was: Invincible Golden Body | Old confirmed. NOMENCLATURE: 不壞=indestructible; 'invincible' belongs to the distinct term 無敵."
"PlayerTalent/Name/0035","Longyuan Seven Absolutes","was: Long Yuan Seven Absolutes | Old confirmed. Not itself in the register, but 龍淵 is a proper sword name and NOMENCLATURE's general transliteration rule joins pinyin syllables for proper nouns (as with Diancang, Kongtong); accepted as a consistent extension of that rule, flagged per the proposer's own note for human confirmation."
"PlayerTalent/Name/1012","Vajra Leg","was: Diamond Leg | Old confirmed. NOMENCLATURE explicit (金剛=Vajra throughout)."
"PlayerTalent/Name/1200","Dog-Beating Fist","was: Dog Punch | Old confirmed. NOMENCLATURE explicit avoid-form."
"PlayerTalent/Name/1201","Extreme Dog-Beating Fist","was: Extreme Dog Punch | Old confirmed. NOMENCLATURE exact form."
"PlayerTalent/Name/2101","Medical Skill","was: Medicine | Old confirmed. NOMENCLATURE explicit: 'Medicine' collides with the item category; 'Medical Skill' already matches its 9 buff rows."
"PlayerTalent/Name/2103","One-Toe Divine Power","was: One‑Toe Divine Skill | Old confirmed including U+2011 hyphen. NOMENCLATURE explicit avoid-form (神通=Divine Power, distinct from 神功=Divine Skill); ASCII hyphen."
"PlayerTalent/Name/3003","Flowing Clouds and Water","was: Flowing Clouds and Flowing Water | Old confirmed. Removes the redundant repeated 'Flowing' (行 means 'move/drift', only 流水 literally 'flows'); natural Title Case phrase, no meaning loss."
"PlayerTalent/Name/4018","Tattered Cotton Skill","was: Defeated Threads Skill | Old confirmed. GLOSSARY/NOMENCLATURE explicit avoid-form."
"PlayerTalent/Name/8002","Coin Dart","was: Money Dart | Old confirmed. NOMENCLATURE explicit: 金錢鏢=Coin Dart, matching Coin Sword 金錢劍."
"PlayerTalent/Name/8004","Vajra Divine Spear Finger","was: Vajra Divine Spear Technique | NOMENCLATURE row for 金剛神槍指 gives exactly this form and lists 'Vajra Divine Spear Technique' (the old text) as the wrong rendering."
"PlayerTalent/Name/8119","Heavenly Ladle Demon-Subduing Sword","was: Heavenly Gang Subduing Demon Sword | NOMENCLATURE row for 天罡伏魔劍 gives exactly this form; 天罡 = the Big Dipper's stars, not 'Gang'."
"PlayerTalent/Name/8121","Wind-Thunder God Kick","was: Wind Thunder God Foot | Not directly in the register, but every other 神-compound skill in this file (Divine Skill, Divine Power, Vajra Divine Spear Finger) renders 神 as 'Divine'; 'God Foot' breaks that pattern with no register support for the alternative. | ruled 20260912 (q20): was Wind Thunder Divine Foot"
"PlayerTalent/Name/9200","Acupoint Striking Rope","was: Acupoint Striking and Threading | GLOSSARY names this exact item 'Acupoint Striking Rope' under its 點穴 entry."
